type,mean,se
soil_grassland,1720.651429,188.641944
soil_woodland,2352.917269,543.8660016
tree_biomass,4423.503999,579.0138651
total,8497.072696,816.476005
